TIMESTAMP,TRACK_ID,OBJECT_TYPE,X,Y,CITY_NAME
1636309125.1004186,00000000-0000-0000-0000-000000000529,OTHERS,302.891845703125,362.7055969238281,SUB
1636309125.1004186,00000000-0000-0000-0000-000000000497,AGENT,302.9177551269531,373.26806640625,SUB
1636309125.1004186,00000000-0000-0000-0000-000000000514,OTHERS,302.9384765625,381.71807861328125,SUB
1636309125.1004186,00000000-0000-0000-0000-000000000000,AV,299.78106689453125,392.11431884765625,SUB
1636309125.1004186,00000000-0000-0000-0000-000000000544,OTHERS,306.9247741699219,400.7216491699219,SUB
1636309125.1004186,00000000-0000-0000-0000-000000000518,OTHERS,338.44573974609375,398.3890686035156,SUB
1636309125.1004186,00000000-0000-0000-0000-000000000509,OTHERS,317.4938659667969,402.3890686035156,SUB
1636309125.1004186,00000000-0000-0000-0000-000000000533,OTHERS,327.5542297363281,402.3890686035156,SUB
1636309125.1004186,00000000-0000-0000-0000-000000000546,OTHERS,336.9046630859375,402.3890686035156,SUB
1636309125.1004186,00000000-0000-0000-0000-000000000516,OTHERS,345.66973876953125,402.3890686035156,SUB
1636309125.2086864,00000000-0000-0000-0000-000000000529,OTHERS,302.892333984375,362.89984130859375,SUB
1636309125.2086864,00000000-0000-0000-0000-000000000497,AGENT,302.91790771484375,373.33544921875,SUB
1636309125.2086864,00000000-0000-0000-0000-000000000514,OTHERS,302.9384765625,381.71807861328125,SUB
1636309125.2086864,00000000-0000-0000-0000-000000000000,AV,299.693115234375,391.51153564453125,SUB
1636309125.2086864,00000000-0000-0000-0000-000000000544,OTHERS,306.49383544921875,400.4661865234375,SUB
1636309125.2086864,00000000-0000-0000-0000-000000000509,OTHERS,317.0985107421875,402.3890686035156,SUB
1636309125.2086864,00000000-0000-0000-0000-000000000518,OTHERS,339.1446838378906,398.3890686035156,SUB
1636309125.2086864,00000000-0000-0000-0000-000000000533,OTHERS,327.2563171386719,402.3890686035156,SUB
1636309125.2086864,00000000-0000-0000-0000-000000000546,OTHERS,336.69439697265625,402.3890686035156,SUB
1636309125.2086864,00000000-0000-0000-0000-000000000516,OTHERS,345.5323486328125,402.3890686035156,SUB
1636309125.3406277,00000000-0000-0000-0000-000000000529,OTHERS,302.89312744140625,363.22271728515625,SUB
1636309125.3406277,00000000-0000-0000-0000-000000000497,AGENT,302.9181823730469,373.4427795410156,SUB
1636309125.3406277,00000000-0000-0000-0000-000000000514,OTHERS,302.9384765625,381.71807861328125,SUB
1636309125.3406277,00000000-0000-0000-0000-000000000000,AV,299.53497314453125,390.4278259277344,SUB
1636309125.3406277,00000000-0000-0000-0000-000000000544,OTHERS,305.8009338378906,399.979736328125,SUB
1636309125.3406277,00000000-0000-0000-0000-000000000509,OTHERS,316.378173828125,402.3890686035156,SUB
1636309125.3406277,00000000-0000-0000-0000-000000000518,OTHERS,340.3680725097656,398.3890686035156,SUB
1636309125.3406277,00000000-0000-0000-0000-000000000533,OTHERS,326.7064514160156,402.3890686035156,SUB
1636309125.3406277,00000000-0000-0000-0000-000000000546,OTHERS,336.3005676269531,402.3890686035156,SUB
1636309125.3406277,00000000-0000-0000-0000-000000000516,OTHERS,345.2707824707031,402.3890686035156,SUB
1636309125.4344997,00000000-0000-0000-0000-000000000529,OTHERS,302.89361572265625,363.41925048828125,SUB
1636309125.4344997,00000000-0000-0000-0000-000000000497,AGENT,302.9183349609375,373.5052490234375,SUB
1636309125.4344997,00000000-0000-0000-0000-000000000514,OTHERS,302.9384765625,381.71807861328125,SUB
1636309125.4344997,00000000-0000-0000-0000-000000000000,AV,299.44451904296875,389.7126770019531,SUB
1636309125.4344997,00000000-0000-0000-0000-000000000544,OTHERS,305.3642883300781,399.64324951171875,SUB
1636309125.4344997,00000000-0000-0000-0000-000000000509,OTHERS,315.8966064453125,402.3890686035156,SUB
1636309125.4344997,00000000-0000-0000-0000-000000000518,OTHERS,341.154541015625,398.3890686035156,SUB
1636309125.4344997,00000000-0000-0000-0000-000000000533,OTHERS,326.3354797363281,402.3890686035156,SUB
1636309125.4344997,00000000-0000-0000-0000-000000000546,OTHERS,336.0307312011719,402.3890686035156,SUB
1636309125.4344997,00000000-0000-0000-0000-000000000516,OTHERS,345.08837890625,402.3890686035156,SUB
1636309125.477993,00000000-0000-0000-0000-000000000529,OTHERS,302.89385986328125,363.5247802734375,SUB
1636309125.477993,00000000-0000-0000-0000-000000000497,AGENT,302.9184265136719,373.53790283203125,SUB
1636309125.477993,00000000-0000-0000-0000-000000000514,OTHERS,302.9384765625,381.71807861328125,SUB
1636309125.477993,00000000-0000-0000-0000-000000000000,AV,299.4007568359375,389.30865478515625,SUB
1636309125.477993,00000000-0000-0000-0000-000000000544,OTHERS,305.1112976074219,399.4504699707031,SUB
1636309125.477993,00000000-0000-0000-0000-000000000509,OTHERS,315.6225280761719,402.3890686035156,SUB
1636309125.477993,00000000-0000-0000-0000-000000000518,OTHERS,341.5915222167969,398.3890686035156,SUB
1636309125.477993,00000000-0000-0000-0000-000000000533,OTHERS,326.1231384277344,402.3890686035156,SUB
1636309125.477993,00000000-0000-0000-0000-000000000546,OTHERS,335.8752746582031,402.3890686035156,SUB
1636309125.477993,00000000-0000-0000-0000-000000000516,OTHERS,344.982177734375,402.3890686035156,SUB
1636309125.687379,00000000-0000-0000-0000-000000000529,OTHERS,302.8948059082031,363.90203857421875,SUB
1636309125.687379,00000000-0000-0000-0000-000000000497,AGENT,302.918701171875,373.6495361328125,SUB
1636309125.687379,00000000-0000-0000-0000-000000000514,OTHERS,302.9384765625,381.71807861328125,SUB
1636309125.687379,00000000-0000-0000-0000-000000000000,AV,299.22906494140625,387.7268371582031,SUB
1636309125.687379,00000000-0000-0000-0000-000000000544,OTHERS,304.08306884765625,398.6692810058594,SUB
1636309125.687379,00000000-0000-0000-0000-000000000509,OTHERS,314.540283203125,402.3890686035156,SUB
1636309125.687379,00000000-0000-0000-0000-000000000518,OTHERS,343.25189208984375,398.3890686035156,SUB
1636309125.687379,00000000-0000-0000-0000-000000000533,OTHERS,325.2756042480469,402.3890686035156,SUB
1636309125.687379,00000000-0000-0000-0000-000000000546,OTHERS,335.24615478515625,402.3890686035156,SUB
1636309125.687379,00000000-0000-0000-0000-000000000516,OTHERS,344.54486083984375,402.3890686035156,SUB
1636309125.730502,00000000-0000-0000-0000-000000000529,OTHERS,302.89508056640625,364.0135803222656,SUB
1636309125.730502,00000000-0000-0000-0000-000000000497,AGENT,302.91876220703125,373.6809997558594,SUB
1636309125.730502,00000000-0000-0000-0000-000000000514,OTHERS,302.9384765625,381.71807861328125,SUB
1636309125.730502,00000000-0000-0000-0000-000000000000,AV,299.1733703613281,387.2140197753906,SUB
1636309125.730502,00000000-0000-0000-0000-000000000544,OTHERS,303.7379455566406,398.40460205078125,SUB
1636309125.730502,00000000-0000-0000-0000-000000000509,OTHERS,314.18511962890625,402.3890686035156,SUB
1636309125.730502,00000000-0000-0000-0000-000000000533,OTHERS,324.9948425292969,402.3890686035156,SUB
1636309125.730502,00000000-0000-0000-0000-000000000518,OTHERS,343.7761535644531,398.3890686035156,SUB
1636309125.730502,00000000-0000-0000-0000-000000000546,OTHERS,335.0348205566406,402.3890686035156,SUB
1636309125.730502,00000000-0000-0000-0000-000000000516,OTHERS,344.3956604003906,402.3890686035156,SUB
1636309125.7948177,00000000-0000-0000-0000-000000000529,OTHERS,302.8954162597656,364.1570129394531,SUB
1636309125.7948177,00000000-0000-0000-0000-000000000497,AGENT,302.9188537597656,373.720458984375,SUB
1636309125.7948177,00000000-0000-0000-0000-000000000514,OTHERS,302.9384765625,381.71807861328125,SUB
1636309125.7948177,00000000-0000-0000-0000-000000000000,AV,299.09906005859375,386.5289001464844,SUB
1636309125.7948177,00000000-0000-0000-0000-000000000544,OTHERS,303.267578125,398.0389709472656,SUB
1636309125.7948177,00000000-0000-0000-0000-000000000509,OTHERS,313.7015380859375,402.3890686035156,SUB
1636309125.7948177,00000000-0000-0000-0000-000000000533,OTHERS,324.61077880859375,402.3890686035156,SUB
1636309125.7948177,00000000-0000-0000-0000-000000000518,OTHERS,344.4751892089844,398.3890686035156,SUB
1636309125.7948177,00000000-0000-0000-0000-000000000546,OTHERS,334.7441101074219,402.3890686035156,SUB
1636309125.7948177,00000000-0000-0000-0000-000000000516,OTHERS,344.18853759765625,402.3890686035156,SUB
1636309125.899732,00000000-0000-0000-0000-000000000529,OTHERS,302.8957824707031,364.3109130859375,SUB
1636309125.899732,00000000-0000-0000-0000-000000000497,AGENT,302.9189758300781,373.761474609375,SUB
1636309125.899732,00000000-0000-0000-0000-000000000514,OTHERS,302.9384765625,381.71807861328125,SUB
1636309125.899732,00000000-0000-0000-0000-000000000000,AV,299.0155029296875,385.7564392089844,SUB
1636309125.899732,00000000-0000-0000-0000-000000000544,OTHERS,302.7297058105469,397.6112365722656,SUB
1636309125.899732,00000000-0000-0000-0000-000000000509,OTHERS,313.1410217285156,402.3890686035156,SUB
1636309125.899732,00000000-0000-0000-0000-000000000533,OTHERS,324.16436767578125,402.3890686035156,SUB
1636309125.899732,00000000-0000-0000-0000-000000000518,OTHERS,345.261962890625,398.3890686035156,SUB
1636309125.899732,00000000-0000-0000-0000-000000000546,OTHERS,334.4044494628906,402.3890686035156,SUB
1636309125.899732,00000000-0000-0000-0000-000000000516,OTHERS,343.94378662109375,402.3890686035156,SUB
1636309126.0406964,00000000-0000-0000-0000-000000000529,OTHERS,302.89617919921875,364.47332763671875,SUB
1636309126.0406964,00000000-0000-0000-0000-000000000497,AGENT,302.9190673828125,373.8033142089844,SUB
1636309126.0406964,00000000-0000-0000-0000-000000000514,OTHERS,302.9384765625,381.71807861328125,SUB
1636309126.0406964,00000000-0000-0000-0000-000000000000,AV,298.9462585449219,384.8958740234375,SUB
1636309126.0406964,00000000-0000-0000-0000-000000000544,OTHERS,302.2001953125,397.0697937011719,SUB
1636309126.0406964,00000000-0000-0000-0000-000000000509,OTHERS,312.4986267089844,402.3890686035156,SUB
1636309126.0406964,00000000-0000-0000-0000-000000000533,OTHERS,323.64959716796875,402.3890686035156,SUB
1636309126.0406964,00000000-0000-0000-0000-000000000518,OTHERS,346.1357116699219,398.3890686035156,SUB
1636309126.0406964,00000000-0000-0000-0000-000000000546,OTHERS,334.00909423828125,402.3890686035156,SUB
1636309126.0406964,00000000-0000-0000-0000-000000000516,OTHERS,343.656982421875,402.3890686035156,SUB
1636309126.131389,00000000-0000-0000-0000-000000000529,OTHERS,302.8967590332031,364.699951171875,SUB
1636309126.131389,00000000-0000-0000-0000-000000000497,AGENT,302.9192199707031,373.85919189453125,SUB
1636309126.131389,00000000-0000-0000-0000-000000000514,OTHERS,302.9384765625,381.71807861328125,SUB
1636309126.131389,00000000-0000-0000-0000-000000000000,AV,298.9430847167969,383.6040344238281,SUB
1636309126.131389,00000000-0000-0000-0000-000000000544,OTHERS,301.6829528808594,396.11846923828125,SUB
1636309126.131389,00000000-0000-0000-0000-000000000509,OTHERS,311.4985656738281,402.3890686035156,SUB
1636309126.131389,00000000-0000-0000-0000-000000000533,OTHERS,322.842041015625,402.3890686035156,SUB
1636309126.131389,00000000-0000-0000-0000-000000000546,OTHERS,333.3823547363281,402.3890686035156,SUB
1636309126.131389,00000000-0000-0000-0000-000000000516,OTHERS,343.1956787109375,402.3890686035156,SUB
1636309126.2033758,00000000-0000-0000-0000-000000000529,OTHERS,302.8968505859375,364.7428894042969,SUB
1636309126.2033758,00000000-0000-0000-0000-000000000497,AGENT,302.9192199707031,373.86944580078125,SUB
1636309126.2033758,00000000-0000-0000-0000-000000000514,OTHERS,302.9384765625,381.71807861328125,SUB
1636309126.2033758,00000000-0000-0000-0000-000000000000,AV,298.9424743652344,383.3456115722656,SUB
1636309126.2033758,00000000-0000-0000-0000-000000000544,OTHERS,301.5919494628906,395.9270935058594,SUB
1636309126.2033758,00000000-0000-0000-0000-000000000509,OTHERS,311.29345703125,402.3890686035156,SUB
1636309126.2033758,00000000-0000-0000-0000-000000000533,OTHERS,322.67547607421875,402.3890686035156,SUB
1636309126.2033758,00000000-0000-0000-0000-000000000546,OTHERS,333.25225830078125,402.3890686035156,SUB
1636309126.2033758,00000000-0000-0000-0000-000000000516,OTHERS,343.09893798828125,402.3890686035156,SUB
1636309126.288098,00000000-0000-0000-0000-000000000529,OTHERS,302.8973083496094,364.9335632324219,SUB
1636309126.288098,00000000-0000-0000-0000-000000000497,AGENT,302.9193420410156,373.9136962890625,SUB
1636309126.288098,00000000-0000-0000-0000-000000000514,OTHERS,302.9384765625,381.71807861328125,SUB
1636309126.288098,00000000-0000-0000-0000-000000000000,AV,298.93951416015625,382.1401062011719,SUB
1636309126.288098,00000000-0000-0000-0000-000000000544,OTHERS,301.1548767089844,395.017578125,SUB
1636309126.288098,00000000-0000-0000-0000-000000000509,OTHERS,310.3131103515625,402.3890686035156,SUB
1636309126.288098,00000000-0000-0000-0000-000000000533,OTHERS,321.874755859375,402.3890686035156,SUB
1636309126.288098,00000000-0000-0000-0000-000000000546,OTHERS,332.6243591308594,402.3890686035156,SUB
1636309126.288098,00000000-0000-0000-0000-000000000516,OTHERS,342.6287841796875,402.3890686035156,SUB
1636309126.4218228,00000000-0000-0000-0000-000000000529,OTHERS,302.89764404296875,365.0601806640625,SUB
1636309126.4218228,00000000-0000-0000-0000-000000000497,AGENT,302.9194030761719,373.94195556640625,SUB
1636309126.4218228,00000000-0000-0000-0000-000000000000,AV,298.9374084472656,381.2790222167969,SUB
1636309126.4218228,00000000-0000-0000-0000-000000000514,OTHERS,302.9384765625,381.71807861328125,SUB
1636309126.4218228,00000000-0000-0000-0000-000000000544,OTHERS,300.83197021484375,394.34918212890625,SUB
1636309126.4218228,00000000-0000-0000-0000-000000000509,OTHERS,309.5896301269531,402.3890686035156,SUB
1636309126.4218228,00000000-0000-0000-0000-000000000533,OTHERS,321.2804260253906,402.3890686035156,SUB
1636309126.4218228,00000000-0000-0000-0000-000000000546,OTHERS,332.1528625488281,402.3890686035156,SUB
1636309126.4218228,00000000-0000-0000-0000-000000000516,OTHERS,342.2732849121094,402.3890686035156,SUB
1636309126.5681145,00000000-0000-0000-0000-000000000529,OTHERS,302.89794921875,365.1906433105469,SUB
1636309126.5681145,00000000-0000-0000-0000-000000000497,AGENT,302.9194641113281,373.9700622558594,SUB
1636309126.5681145,00000000-0000-0000-0000-000000000000,AV,298.9350891113281,380.3316345214844,SUB
1636309126.5681145,00000000-0000-0000-0000-000000000514,OTHERS,302.9384765625,381.71807861328125,SUB
1636309126.5681145,00000000-0000-0000-0000-000000000544,OTHERS,300.4699401855469,393.59490966796875,SUB
1636309126.5681145,00000000-0000-0000-0000-000000000509,OTHERS,308.77099609375,402.3890686035156,SUB
1636309126.5681145,00000000-0000-0000-0000-000000000533,OTHERS,320.6041259765625,402.3890686035156,SUB
1636309126.5681145,00000000-0000-0000-0000-000000000546,OTHERS,331.61407470703125,402.3890686035156,SUB
1636309126.5681145,00000000-0000-0000-0000-000000000516,OTHERS,341.86163330078125,402.3890686035156,SUB
1636309126.609601,00000000-0000-0000-0000-000000000529,OTHERS,302.8981628417969,365.2798767089844,SUB
1636309126.609601,00000000-0000-0000-0000-000000000497,AGENT,302.9195251464844,373.98870849609375,SUB
1636309126.609601,00000000-0000-0000-0000-000000000000,AV,298.9333801269531,379.6427001953125,SUB
1636309126.609601,00000000-0000-0000-0000-000000000514,OTHERS,302.9384765625,381.71807861328125,SUB
1636309126.609601,00000000-0000-0000-0000-000000000544,OTHERS,300.20379638671875,393.03277587890625,SUB
1636309126.609601,00000000-0000-0000-0000-000000000509,OTHERS,308.161376953125,402.3890686035156,SUB
1636309126.609601,00000000-0000-0000-0000-000000000533,OTHERS,320.097900390625,402.3890686035156,SUB
1636309126.609601,00000000-0000-0000-0000-000000000546,OTHERS,331.2073974609375,402.3890686035156,SUB
1636309126.609601,00000000-0000-0000-0000-000000000516,OTHERS,341.5483703613281,402.3890686035156,SUB
1636309126.7529492,00000000-0000-0000-0000-000000000529,OTHERS,302.8984680175781,365.3953552246094,SUB
1636309126.7529492,00000000-0000-0000-0000-000000000497,AGENT,302.9195861816406,374.0121154785156,SUB
1636309126.7529492,00000000-0000-0000-0000-000000000000,AV,298.9310607910156,378.6951904296875,SUB
1636309126.7529492,00000000-0000-0000-0000-000000000514,OTHERS,302.9384765625,381.71807861328125,SUB
1636309126.7529492,00000000-0000-0000-0000-000000000544,OTHERS,299.8367614746094,392.2412109375,SUB
1636309126.7529492,00000000-0000-0000-0000-000000000509,OTHERS,307.30218505859375,402.3890686035156,SUB
1636309126.7529492,00000000-0000-0000-0000-000000000533,OTHERS,319.3830871582031,402.3890686035156,SUB
1636309126.7529492,00000000-0000-0000-0000-000000000546,OTHERS,330.6300048828125,402.3890686035156,SUB
1636309126.7529492,00000000-0000-0000-0000-000000000516,OTHERS,341.10015869140625,402.3890686035156,SUB
1636309126.8697214,00000000-0000-0000-0000-000000000539,OTHERS,298.8056335449219,327.5335998535156,SUB
1636309126.8697214,00000000-0000-0000-0000-000000000529,OTHERS,302.8988037109375,365.5397644042969,SUB
1636309126.8697214,00000000-0000-0000-0000-000000000497,AGENT,302.9196472167969,374.04034423828125,SUB
1636309126.8697214,00000000-0000-0000-0000-000000000000,AV,298.9278869628906,377.40338134765625,SUB
1636309126.8697214,00000000-0000-0000-0000-000000000514,OTHERS,302.9384765625,381.71807861328125,SUB
1636309126.8697214,00000000-0000-0000-0000-000000000544,OTHERS,299.6327209472656,391.0977783203125,SUB
1636309126.8697214,00000000-0000-0000-0000-000000000509,OTHERS,306.0939636230469,402.3890686035156,SUB
1636309126.8697214,00000000-0000-0000-0000-000000000533,OTHERS,318.37103271484375,402.3890686035156,SUB
1636309126.8697214,00000000-0000-0000-0000-000000000546,OTHERS,329.8063049316406,402.3890686035156,SUB
1636309126.8697214,00000000-0000-0000-0000-000000000516,OTHERS,340.45458984375,402.3890686035156,SUB
1636309126.91406,00000000-0000-0000-0000-000000000539,OTHERS,298.8049011230469,327.2336730957031,SUB
1636309126.91406,00000000-0000-0000-0000-000000000529,OTHERS,302.8988952636719,365.57586669921875,SUB
1636309126.91406,00000000-0000-0000-0000-000000000497,AGENT,302.919677734375,374.04718017578125,SUB
1636309126.91406,00000000-0000-0000-0000-000000000000,AV,298.92706298828125,377.05889892578125,SUB
1636309126.91406,00000000-0000-0000-0000-000000000514,OTHERS,302.9384765625,381.71807861328125,SUB
1636309126.91406,00000000-0000-0000-0000-000000000544,OTHERS,299.58782958984375,390.7901611328125,SUB
1636309126.91406,00000000-0000-0000-0000-000000000509,OTHERS,305.76409912109375,402.3890686035156,SUB
1636309126.91406,00000000-0000-0000-0000-000000000533,OTHERS,318.0939636230469,402.3890686035156,SUB
1636309126.91406,00000000-0000-0000-0000-000000000546,OTHERS,329.57965087890625,402.3890686035156,SUB
1636309126.91406,00000000-0000-0000-0000-000000000516,OTHERS,340.27569580078125,402.3890686035156,SUB
1636309126.9633763,00000000-0000-0000-0000-000000000539,OTHERS,298.80340576171875,326.6337890625,SUB
1636309126.9633763,00000000-0000-0000-0000-000000000529,OTHERS,302.8990783691406,365.6451416015625,SUB
1636309126.9633763,00000000-0000-0000-0000-000000000497,AGENT,302.9197082519531,374.06011962890625,SUB
1636309126.9633763,00000000-0000-0000-0000-000000000000,AV,298.92535400390625,376.37005615234375,SUB
1636309126.9633763,00000000-0000-0000-0000-000000000514,OTHERS,302.9384765625,381.71807861328125,SUB
1636309126.9633763,00000000-0000-0000-0000-000000000544,OTHERS,299.49786376953125,390.1735534667969,SUB
1636309126.9633763,00000000-0000-0000-0000-000000000509,OTHERS,305.0941162109375,402.3890686035156,SUB
1636309126.9633763,00000000-0000-0000-0000-000000000533,OTHERS,317.5305480957031,402.3890686035156,SUB
1636309126.9633763,00000000-0000-0000-0000-000000000546,OTHERS,329.1177062988281,402.3890686035156,SUB
1636309126.9633763,00000000-0000-0000-0000-000000000516,OTHERS,339.90972900390625,402.3890686035156,SUB
1636309127.1017857,00000000-0000-0000-0000-000000000539,OTHERS,298.801025390625,325.6605529785156,SUB
1636309127.1017857,00000000-0000-0000-0000-000000000529,OTHERS,302.8993225097656,365.7497863769531,SUB
1636309127.1017857,00000000-0000-0000-0000-000000000497,AGENT,302.91973876953125,374.0791015625,SUB
1636309127.1017857,00000000-0000-0000-0000-000000000000,AV,298.922607421875,375.2505798339844,SUB
1636309127.1017857,00000000-0000-0000-0000-000000000514,OTHERS,302.9384765625,381.71807861328125,SUB
1636309127.1017857,00000000-0000-0000-0000-000000000544,OTHERS,299.3858337402344,389.1709289550781,SUB
1636309127.1017857,00000000-0000-0000-0000-000000000509,OTHERS,303.9780578613281,402.3890686035156,SUB
1636309127.1017857,00000000-0000-0000-0000-000000000533,OTHERS,316.58740234375,402.3890686035156,SUB
1636309127.1017857,00000000-0000-0000-0000-000000000546,OTHERS,328.3426513671875,402.3890686035156,SUB
1636309127.1017857,00000000-0000-0000-0000-000000000516,OTHERS,339.2919921875,402.3890686035156,SUB
1636309127.2685285,00000000-0000-0000-0000-000000000539,OTHERS,298.7991943359375,324.9120788574219,SUB
1636309127.2685285,00000000-0000-0000-0000-000000000529,OTHERS,302.8995056152344,365.823974609375,SUB
1636309127.2685285,00000000-0000-0000-0000-000000000497,AGENT,302.9197692871094,374.0921325683594,SUB
1636309127.2685285,00000000-0000-0000-0000-000000000000,AV,298.9205017089844,374.3895568847656,SUB
1636309127.2685285,00000000-0000-0000-0000-000000000514,OTHERS,302.9384765625,381.71807861328125,SUB
1636309127.2685285,00000000-0000-0000-0000-000000000544,OTHERS,299.3016052246094,388.3948059082031,SUB
1636309127.2685285,00000000-0000-0000-0000-000000000509,OTHERS,303.0962219238281,402.3890686035156,SUB
1636309127.2685285,00000000-0000-0000-0000-000000000533,OTHERS,315.8401794433594,402.3890686035156,SUB
1636309127.2685285,00000000-0000-0000-0000-000000000546,OTHERS,327.72393798828125,402.3890686035156,SUB
1636309127.2685285,00000000-0000-0000-0000-000000000516,OTHERS,338.79547119140625,402.3890686035156,SUB
1636309127.3222694,00000000-0000-0000-0000-000000000539,OTHERS,298.79754638671875,324.23907470703125,SUB
1636309127.3222694,00000000-0000-0000-0000-000000000529,OTHERS,302.899658203125,365.8863220214844,SUB
1636309127.3222694,00000000-0000-0000-0000-000000000000,AV,298.9186096191406,373.61456298828125,SUB
1636309127.3222694,00000000-0000-0000-0000-000000000497,AGENT,302.9197998046875,374.1028137207031,SUB
1636309127.3222694,00000000-0000-0000-0000-000000000514,OTHERS,302.9384765625,381.71807861328125,SUB
1636309127.3222694,00000000-0000-0000-0000-000000000544,OTHERS,299.2253112792969,387.6924743652344,SUB
1636309127.3222694,00000000-0000-0000-0000-000000000509,OTHERS,302.2854919433594,402.3890686035156,SUB
1636309127.3222694,00000000-0000-0000-0000-000000000533,OTHERS,315.1509704589844,402.3890686035156,SUB
1636309127.3222694,00000000-0000-0000-0000-000000000546,OTHERS,327.1510314941406,402.3890686035156,SUB
1636309127.3222694,00000000-0000-0000-0000-000000000516,OTHERS,338.3341369628906,402.3890686035156,SUB
1636309127.4403782,00000000-0000-0000-0000-000000000539,OTHERS,298.79571533203125,323.49169921875,SUB
1636309127.4403782,00000000-0000-0000-0000-000000000529,OTHERS,302.8998107910156,365.9510498046875,SUB
1636309127.4403782,00000000-0000-0000-0000-000000000000,AV,298.91650390625,372.7532958984375,SUB
1636309127.4403782,00000000-0000-0000-0000-000000000497,AGENT,302.9198303222656,374.1136474609375,SUB
1636309127.4403782,00000000-0000-0000-0000-000000000514,OTHERS,302.9384765625,381.71807861328125,SUB
1636309127.4403782,00000000-0000-0000-0000-000000000544,OTHERS,299.14013671875,386.9075927734375,SUB
1636309127.4403782,00000000-0000-0000-0000-000000000509,OTHERS,301.3666687011719,402.3890686035156,SUB
1636309127.4403782,00000000-0000-0000-0000-000000000533,OTHERS,314.3654479980469,402.3890686035156,SUB
1636309127.4403782,00000000-0000-0000-0000-000000000546,OTHERS,326.4961242675781,402.3890686035156,SUB
1636309127.4403782,00000000-0000-0000-0000-000000000516,OTHERS,337.8040466308594,402.3890686035156,SUB
1636309127.5138109,00000000-0000-0000-0000-000000000539,OTHERS,298.793701171875,322.6702575683594,SUB
1636309127.5138109,00000000-0000-0000-0000-000000000529,OTHERS,302.89996337890625,366.016845703125,SUB
1636309127.5138109,00000000-0000-0000-0000-000000000000,AV,298.9141845703125,371.8060302734375,SUB
1636309127.5138109,00000000-0000-0000-0000-000000000497,AGENT,302.91986083984375,374.1243896484375,SUB
1636309127.5138109,00000000-0000-0000-0000-000000000514,OTHERS,302.9384765625,381.71807861328125,SUB
1636309127.5138109,00000000-0000-0000-0000-000000000544,OTHERS,299.04608154296875,386.0392761230469,SUB
1636309127.5138109,00000000-0000-0000-0000-000000000509,OTHERS,300.3313293457031,402.3890686035156,SUB
1636309127.5138109,00000000-0000-0000-0000-000000000533,OTHERS,313.47808837890625,402.3890686035156,SUB
1636309127.5138109,00000000-0000-0000-0000-000000000546,OTHERS,325.7539367675781,402.3890686035156,SUB
1636309127.5138109,00000000-0000-0000-0000-000000000516,OTHERS,337.19940185546875,402.3890686035156,SUB
1636309127.658025,00000000-0000-0000-0000-000000000539,OTHERS,298.79150390625,321.7749328613281,SUB
1636309127.658025,00000000-0000-0000-0000-000000000529,OTHERS,302.900146484375,366.0827331542969,SUB
1636309127.658025,00000000-0000-0000-0000-000000000000,AV,298.9116516113281,370.7725524902344,SUB
1636309127.658025,00000000-0000-0000-0000-000000000497,AGENT,302.9198913574219,374.1348571777344,SUB
1636309127.658025,00000000-0000-0000-0000-000000000514,OTHERS,302.9384765625,381.71807861328125,SUB
1636309127.658025,00000000-0000-0000-0000-000000000544,OTHERS,298.94671630859375,385.0859069824219,SUB
1636309127.658025,00000000-0000-0000-0000-000000000509,OTHERS,299.1868591308594,402.3890686035156,SUB
1636309127.658025,00000000-0000-0000-0000-000000000533,OTHERS,312.48944091796875,402.3890686035156,SUB
1636309127.658025,00000000-0000-0000-0000-000000000546,OTHERS,324.91949462890625,402.3890686035156,SUB
1636309127.658025,00000000-0000-0000-0000-000000000516,OTHERS,336.51458740234375,402.3890686035156,SUB
1636309127.70152,00000000-0000-0000-0000-000000000539,OTHERS,298.79058837890625,321.4020080566406,SUB
1636309127.70152,00000000-0000-0000-0000-000000000529,OTHERS,302.90020751953125,366.1084289550781,SUB
1636309127.70152,00000000-0000-0000-0000-000000000000,AV,298.91058349609375,370.342041015625,SUB
1636309127.70152,00000000-0000-0000-0000-000000000497,AGENT,302.9198913574219,374.13885498046875,SUB
1636309127.70152,00000000-0000-0000-0000-000000000514,OTHERS,302.9384765625,381.71807861328125,SUB
1636309127.70152,00000000-0000-0000-0000-000000000544,OTHERS,298.94573974609375,384.6872863769531,SUB
1636309127.70152,00000000-0000-0000-0000-000000000509,OTHERS,298.7099914550781,402.3890686035156,SUB
1636309127.70152,00000000-0000-0000-0000-000000000533,OTHERS,312.0751037597656,402.3890686035156,SUB
1636309127.70152,00000000-0000-0000-0000-000000000546,OTHERS,324.56744384765625,402.3890686035156,SUB
1636309127.70152,00000000-0000-0000-0000-000000000516,OTHERS,336.2232666015625,402.3890686035156,SUB
1636309127.8112364,00000000-0000-0000-0000-000000000539,OTHERS,298.78802490234375,320.35833740234375,SUB
1636309127.8112364,00000000-0000-0000-0000-000000000529,OTHERS,302.9003601074219,366.1754150390625,SUB
1636309127.8112364,00000000-0000-0000-0000-000000000000,AV,298.9076232910156,369.1361999511719,SUB
1636309127.8112364,00000000-0000-0000-0000-000000000497,AGENT,302.919921875,374.1490478515625,SUB
1636309127.8112364,00000000-0000-0000-0000-000000000514,OTHERS,302.9384765625,381.71807861328125,SUB
1636309127.8112364,00000000-0000-0000-0000-000000000544,OTHERS,298.9430236816406,383.5675048828125,SUB
1636309127.8112364,00000000-0000-0000-0000-000000000509,OTHERS,297.3745422363281,402.3890686035156,SUB
1636309127.8112364,00000000-0000-0000-0000-000000000533,OTHERS,310.90972900390625,402.3890686035156,SUB
1636309127.8112364,00000000-0000-0000-0000-000000000546,OTHERS,323.5713806152344,402.3890686035156,SUB
1636309127.8112364,00000000-0000-0000-0000-000000000516,OTHERS,335.3939514160156,402.3890686035156,SUB
1636309127.9504197,00000000-0000-0000-0000-000000000539,OTHERS,298.7860107421875,319.5390319824219,SUB
1636309127.9504197,00000000-0000-0000-0000-000000000529,OTHERS,302.9004821777344,366.22314453125,SUB
1636309127.9504197,00000000-0000-0000-0000-000000000000,AV,298.9053039550781,368.1888122558594,SUB
1636309127.9504197,00000000-0000-0000-0000-000000000497,AGENT,302.919921875,374.1561279296875,SUB
1636309127.9504197,00000000-0000-0000-0000-000000000514,OTHERS,302.9384765625,381.71807861328125,SUB
1636309127.9504197,00000000-0000-0000-0000-000000000544,OTHERS,298.94085693359375,382.6848449707031,SUB
1636309127.9504197,00000000-0000-0000-0000-000000000509,OTHERS,296.3251953125,402.3890686035156,SUB
1636309127.9504197,00000000-0000-0000-0000-000000000533,OTHERS,309.98828125,402.3890686035156,SUB
1636309127.9504197,00000000-0000-0000-0000-000000000546,OTHERS,322.7783508300781,402.3890686035156,SUB
1636309127.9504197,00000000-0000-0000-0000-000000000516,OTHERS,334.72845458984375,402.3890686035156,SUB
1636309127.9989684,00000000-0000-0000-0000-000000000539,OTHERS,298.7853088378906,319.2413024902344,SUB
1636309127.9989684,00000000-0000-0000-0000-000000000529,OTHERS,302.9005126953125,366.2395324707031,SUB
1636309127.9989684,00000000-0000-0000-0000-000000000000,AV,298.9044494628906,367.84429931640625,SUB
1636309127.9989684,00000000-0000-0000-0000-000000000497,AGENT,302.9199523925781,374.15850830078125,SUB
1636309127.9989684,00000000-0000-0000-0000-000000000514,OTHERS,302.9384765625,381.71807861328125,SUB
1636309127.9989684,00000000-0000-0000-0000-000000000544,OTHERS,298.9400634765625,382.36328125,SUB
1636309127.9989684,00000000-0000-0000-0000-000000000509,OTHERS,295.94354248046875,402.3890686035156,SUB
1636309127.9989684,00000000-0000-0000-0000-000000000533,OTHERS,309.6520690917969,402.3890686035156,SUB
1636309127.9989684,00000000-0000-0000-0000-000000000546,OTHERS,322.4877624511719,402.3890686035156,SUB
1636309127.9989684,00000000-0000-0000-0000-000000000516,OTHERS,334.4832458496094,402.3890686035156,SUB
1636309128.1277473,00000000-0000-0000-0000-000000000539,OTHERS,298.7827453613281,318.1993713378906,SUB
1636309128.1277473,00000000-0000-0000-0000-000000000529,OTHERS,302.9006652832031,366.29290771484375,SUB
1636309128.1277473,00000000-0000-0000-0000-000000000000,AV,298.9014892578125,366.638916015625,SUB
1636309128.1277473,00000000-0000-0000-0000-000000000497,AGENT,302.9199523925781,374.1661682128906,SUB
1636309128.1277473,00000000-0000-0000-0000-000000000544,OTHERS,298.9372863769531,381.23516845703125,SUB
1636309128.1277473,00000000-0000-0000-0000-000000000514,OTHERS,302.9384765625,381.71807861328125,SUB
1636309128.1277473,00000000-0000-0000-0000-000000000509,OTHERS,294.60797119140625,402.3890686035156,SUB
1636309128.1277473,00000000-0000-0000-0000-000000000533,OTHERS,308.4750671386719,402.3890686035156,SUB
1636309128.1277473,00000000-0000-0000-0000-000000000546,OTHERS,321.4649963378906,402.3890686035156,SUB
1636309128.1277473,00000000-0000-0000-0000-000000000516,OTHERS,333.6155090332031,402.3890686035156,SUB
1636309128.2658272,00000000-0000-0000-0000-000000000539,OTHERS,298.7810974121094,317.530029296875,SUB
1636309128.2658272,00000000-0000-0000-0000-000000000000,AV,298.89959716796875,365.8639221191406,SUB
1636309128.2658272,00000000-0000-0000-0000-000000000529,OTHERS,302.9007263183594,366.32421875,SUB
1636309128.2658272,00000000-0000-0000-0000-000000000497,AGENT,302.91998291015625,374.1705627441406,SUB
1636309128.2658272,00000000-0000-0000-0000-000000000544,OTHERS,298.9355163574219,380.5078430175781,SUB
1636309128.2658272,00000000-0000-0000-0000-000000000514,OTHERS,302.9384765625,381.71807861328125,SUB
1636309128.2658272,00000000-0000-0000-0000-000000000509,OTHERS,293.7494201660156,402.3890686035156,SUB
1636309128.2658272,00000000-0000-0000-0000-000000000533,OTHERS,307.71868896484375,402.3890686035156,SUB
1636309128.2658272,00000000-0000-0000-0000-000000000546,OTHERS,320.8033447265625,402.3890686035156,SUB
1636309128.320011,00000000-0000-0000-0000-000000000539,OTHERS,298.7794494628906,316.8612060546875,SUB
1636309128.320011,00000000-0000-0000-0000-000000000000,AV,298.897705078125,365.0892028808594,SUB
1636309128.320011,00000000-0000-0000-0000-000000000529,OTHERS,302.90081787109375,366.3533020019531,SUB
1636309128.320011,00000000-0000-0000-0000-000000000497,AGENT,302.91998291015625,374.1745910644531,SUB
1636309128.320011,00000000-0000-0000-0000-000000000544,OTHERS,298.9337158203125,379.77923583984375,SUB
1636309128.320011,00000000-0000-0000-0000-000000000514,OTHERS,302.9384765625,381.71807861328125,SUB
1636309128.320011,00000000-0000-0000-0000-000000000509,OTHERS,292.8910827636719,402.3890686035156,SUB
1636309128.320011,00000000-0000-0000-0000-000000000533,OTHERS,306.96240234375,402.3890686035156,SUB
1636309128.320011,00000000-0000-0000-0000-000000000546,OTHERS,320.13873291015625,402.3890686035156,SUB
1636309128.3714542,00000000-0000-0000-0000-000000000539,OTHERS,298.77764892578125,316.1180725097656,SUB
1636309128.3714542,00000000-0000-0000-0000-000000000000,AV,298.8955993652344,364.2281188964844,SUB
1636309128.3714542,00000000-0000-0000-0000-000000000529,OTHERS,302.90087890625,366.3832092285156,SUB
1636309128.3714542,00000000-0000-0000-0000-000000000497,AGENT,302.91998291015625,374.1786193847656,SUB
1636309128.3714542,00000000-0000-0000-0000-000000000544,OTHERS,298.9317321777344,378.9678955078125,SUB
1636309128.3714542,00000000-0000-0000-0000-000000000514,OTHERS,302.9384765625,381.71807861328125,SUB
1636309128.3714542,00000000-0000-0000-0000-000000000509,OTHERS,291.9372253417969,402.3890686035156,SUB
1636309128.3714542,00000000-0000-0000-0000-000000000533,OTHERS,306.1219177246094,402.3890686035156,SUB
1636309128.3714542,00000000-0000-0000-0000-000000000546,OTHERS,319.3966064453125,402.3890686035156,SUB
1636309128.5211146,00000000-0000-0000-0000-000000000539,OTHERS,298.77508544921875,315.0783386230469,SUB
1636309128.5211146,00000000-0000-0000-0000-000000000000,AV,298.89263916015625,363.0226135253906,SUB
1636309128.5211146,00000000-0000-0000-0000-000000000529,OTHERS,302.9009704589844,366.4211730957031,SUB
1636309128.5211146,00000000-0000-0000-0000-000000000497,AGENT,302.9200134277344,374.18365478515625,SUB
1636309128.5211146,00000000-0000-0000-0000-000000000544,OTHERS,298.9289245605469,377.8292236328125,SUB
1636309128.5211146,00000000-0000-0000-0000-000000000514,OTHERS,302.9384765625,381.71807861328125,SUB
1636309128.5211146,00000000-0000-0000-0000-000000000509,OTHERS,290.6018371582031,402.3890686035156,SUB
1636309128.5211146,00000000-0000-0000-0000-000000000533,OTHERS,304.9453430175781,402.3890686035156,SUB
1636309128.5211146,00000000-0000-0000-0000-000000000546,OTHERS,318.3512268066406,402.3890686035156,SUB
1636309128.6029074,00000000-0000-0000-0000-000000000539,OTHERS,298.774169921875,314.7073669433594,SUB
1636309128.6029074,00000000-0000-0000-0000-000000000000,AV,298.8915710449219,362.59185791015625,SUB
1636309128.6029074,00000000-0000-0000-0000-000000000529,OTHERS,302.9010009765625,366.4337158203125,SUB
1636309128.6029074,00000000-0000-0000-0000-000000000497,AGENT,302.9200134277344,374.185302734375,SUB
1636309128.6029074,00000000-0000-0000-0000-000000000544,OTHERS,298.9279479980469,377.4214782714844,SUB
1636309128.6029074,00000000-0000-0000-0000-000000000514,OTHERS,302.9384765625,381.71807861328125,SUB
1636309128.6029074,00000000-0000-0000-0000-000000000509,OTHERS,290.1248474121094,402.3890686035156,SUB
1636309128.6029074,00000000-0000-0000-0000-000000000533,OTHERS,304.5252380371094,402.3890686035156,SUB
1636309128.6029074,00000000-0000-0000-0000-000000000546,OTHERS,317.9761657714844,402.3890686035156,SUB
1636309128.6920846,00000000-0000-0000-0000-000000000539,OTHERS,298.7727355957031,314.11376953125,SUB
1636309128.6920846,00000000-0000-0000-0000-000000000000,AV,298.889892578125,361.9028015136719,SUB
1636309128.6920846,00000000-0000-0000-0000-000000000529,OTHERS,302.90106201171875,366.4527282714844,SUB
1636309128.6920846,00000000-0000-0000-0000-000000000497,AGENT,302.9200134277344,374.187744140625,SUB
1636309128.6920846,00000000-0000-0000-0000-000000000544,OTHERS,298.92633056640625,376.76837158203125,SUB
1636309128.6920846,00000000-0000-0000-0000-000000000514,OTHERS,302.9384765625,381.71807861328125,SUB
1636309128.6920846,00000000-0000-0000-0000-000000000509,OTHERS,289.36181640625,402.3890686035156,SUB
1636309128.6920846,00000000-0000-0000-0000-000000000533,OTHERS,303.8526916503906,402.3890686035156,SUB
1636309128.6920846,00000000-0000-0000-0000-000000000546,OTHERS,317.37432861328125,402.3890686035156,SUB
1636309128.825721,00000000-0000-0000-0000-000000000539,OTHERS,298.7705383300781,313.2235412597656,SUB
1636309128.825721,00000000-0000-0000-0000-000000000000,AV,298.8873596191406,360.8694152832031,SUB
1636309128.825721,00000000-0000-0000-0000-000000000529,OTHERS,302.901123046875,366.47894287109375,SUB
1636309128.825721,00000000-0000-0000-0000-000000000497,AGENT,302.9200134277344,374.1910705566406,SUB
1636309128.825721,00000000-0000-0000-0000-000000000544,OTHERS,298.9239196777344,375.7870788574219,SUB
1636309128.825721,00000000-0000-0000-0000-000000000514,OTHERS,302.9384765625,381.71807861328125,SUB
1636309128.825721,00000000-0000-0000-0000-000000000509,OTHERS,288.21728515625,402.3890686035156,SUB
1636309128.825721,00000000-0000-0000-0000-000000000533,OTHERS,302.84381103515625,402.3890686035156,SUB
1636309128.825721,00000000-0000-0000-0000-000000000546,OTHERS,316.467529296875,402.3890686035156,SUB
1636309128.9593673,00000000-0000-0000-0000-000000000539,OTHERS,298.76800537109375,312.18560791015625,SUB
1636309128.9593673,00000000-0000-0000-0000-000000000000,AV,298.8843994140625,359.6639099121094,SUB
1636309128.9593673,00000000-0000-0000-0000-000000000529,OTHERS,302.90118408203125,366.5063781738281,SUB
1636309128.9593673,00000000-0000-0000-0000-000000000497,AGENT,302.9200134277344,374.1944885253906,SUB
1636309128.9593673,00000000-0000-0000-0000-000000000544,OTHERS,298.9211120605469,374.6394958496094,SUB
1636309128.9593673,00000000-0000-0000-0000-000000000514,OTHERS,302.9384765625,381.71807861328125,SUB
1636309128.9593673,00000000-0000-0000-0000-000000000509,OTHERS,286.8817138671875,402.3890686035156,SUB
1636309128.9593673,00000000-0000-0000-0000-000000000533,OTHERS,301.6671447753906,402.3890686035156,SUB
1636309128.9593673,00000000-0000-0000-0000-000000000546,OTHERS,315.40423583984375,402.3890686035156,SUB
1636309129.0557504,00000000-0000-0000-0000-000000000539,OTHERS,298.76617431640625,311.44451904296875,SUB
1636309129.0557504,00000000-0000-0000-0000-000000000000,AV,298.8822937011719,358.8028259277344,SUB
1636309129.0557504,00000000-0000-0000-0000-000000000529,OTHERS,302.9012145996094,366.5240783691406,SUB
1636309129.0557504,00000000-0000-0000-0000-000000000544,OTHERS,298.9190979003906,373.81817626953125,SUB
1636309129.0557504,00000000-0000-0000-0000-000000000497,AGENT,302.9200439453125,374.1966552734375,SUB
1636309129.0557504,00000000-0000-0000-0000-000000000514,OTHERS,302.9384765625,381.71807861328125,SUB
1636309129.0557504,00000000-0000-0000-0000-000000000509,OTHERS,285.927734375,402.3890686035156,SUB
1636309129.0557504,00000000-0000-0000-0000-000000000533,OTHERS,300.8265380859375,402.3890686035156,SUB
1636309129.0557504,00000000-0000-0000-0000-000000000546,OTHERS,314.6412353515625,402.3890686035156,SUB
1636309129.1932056,00000000-0000-0000-0000-000000000539,OTHERS,298.7645568847656,310.7778625488281,SUB
1636309129.1932056,00000000-0000-0000-0000-000000000000,AV,298.8804016113281,358.02783203125,SUB
1636309129.1932056,00000000-0000-0000-0000-000000000529,OTHERS,302.9012451171875,366.5387268066406,SUB
1636309129.1932056,00000000-0000-0000-0000-000000000544,OTHERS,298.91729736328125,373.0775146484375,SUB
1636309129.1932056,00000000-0000-0000-0000-000000000497,AGENT,302.9200439453125,374.1983947753906,SUB
1636309129.1932056,00000000-0000-0000-0000-000000000514,OTHERS,302.9384765625,381.71807861328125,SUB
1636309129.1932056,00000000-0000-0000-0000-000000000509,OTHERS,285.0692443847656,402.3890686035156,SUB
1636309129.1932056,00000000-0000-0000-0000-000000000533,OTHERS,300.0699157714844,402.3890686035156,SUB
1636309129.1932056,00000000-0000-0000-0000-000000000546,OTHERS,313.951904296875,402.3890686035156,SUB
1636309129.238697,00000000-0000-0000-0000-000000000539,OTHERS,298.7634582519531,310.3335266113281,SUB
1636309129.238697,00000000-0000-0000-0000-000000000000,AV,298.8791198730469,357.51116943359375,SUB
1636309129.238697,00000000-0000-0000-0000-000000000529,OTHERS,302.9012756347656,366.54791259765625,SUB
1636309129.238697,00000000-0000-0000-0000-000000000544,OTHERS,298.91607666015625,372.5832824707031,SUB
1636309129.238697,00000000-0000-0000-0000-000000000497,AGENT,302.9200439453125,374.1994934082031,SUB
1636309129.238697,00000000-0000-0000-0000-000000000514,OTHERS,302.9384765625,381.71807861328125,SUB
1636309129.238697,00000000-0000-0000-0000-000000000509,OTHERS,284.49676513671875,402.3890686035156,SUB
1636309129.238697,00000000-0000-0000-0000-000000000533,OTHERS,299.5655517578125,402.3890686035156,SUB
1636309129.238697,00000000-0000-0000-0000-000000000546,OTHERS,313.4909973144531,402.3890686035156,SUB
1636309129.3381114,00000000-0000-0000-0000-000000000539,OTHERS,298.7618103027344,309.66741943359375,SUB
1636309129.3381114,00000000-0000-0000-0000-000000000000,AV,298.8772277832031,356.73614501953125,SUB
1636309129.3381114,00000000-0000-0000-0000-000000000529,OTHERS,302.90130615234375,366.5608215332031,SUB
1636309129.3381114,00000000-0000-0000-0000-000000000544,OTHERS,298.91424560546875,371.8409729003906,SUB
1636309129.3381114,00000000-0000-0000-0000-000000000497,AGENT,302.9200439453125,374.2010192871094,SUB
1636309129.3381114,00000000-0000-0000-0000-000000000514,OTHERS,302.9384765625,381.71807861328125,SUB
1636309129.3381114,00000000-0000-0000-0000-000000000509,OTHERS,283.638427734375,402.3890686035156,SUB
1636309129.3381114,00000000-0000-0000-0000-000000000533,OTHERS,298.8089599609375,402.3890686035156,SUB
1636309129.3381114,00000000-0000-0000-0000-000000000546,OTHERS,312.79815673828125,402.3890686035156,SUB
1636309129.4279382,00000000-0000-0000-0000-000000000539,OTHERS,298.75909423828125,308.5572814941406,SUB
1636309129.4279382,00000000-0000-0000-0000-000000000000,AV,298.8740539550781,355.4444580078125,SUB
1636309129.4279382,00000000-0000-0000-0000-000000000529,OTHERS,302.9013671875,366.5802307128906,SUB
1636309129.4279382,00000000-0000-0000-0000-000000000544,OTHERS,298.9112243652344,370.6014709472656,SUB
1636309129.4279382,00000000-0000-0000-0000-000000000497,AGENT,302.9200439453125,374.2032470703125,SUB
1636309129.4279382,00000000-0000-0000-0000-000000000514,OTHERS,302.9384765625,381.71807861328125,SUB
1636309129.4279382,00000000-0000-0000-0000-000000000509,OTHERS,282.20751953125,402.3890686035156,SUB
1636309129.4279382,00000000-0000-0000-0000-000000000533,OTHERS,297.5482177734375,402.3890686035156,SUB
1636309129.4279382,00000000-0000-0000-0000-000000000546,OTHERS,311.63873291015625,402.3890686035156,SUB
1636309129.519644,00000000-0000-0000-0000-000000000539,OTHERS,298.7576599121094,307.96551513671875,SUB
1636309129.519644,00000000-0000-0000-0000-000000000000,AV,298.87237548828125,354.7555236816406,SUB
1636309129.519644,00000000-0000-0000-0000-000000000529,OTHERS,302.9013977050781,366.589599609375,SUB
1636309129.519644,00000000-0000-0000-0000-000000000544,OTHERS,298.90960693359375,369.939453125,SUB
1636309129.519644,00000000-0000-0000-0000-000000000497,AGENT,302.9200439453125,374.2043151855469,SUB
1636309129.519644,00000000-0000-0000-0000-000000000514,OTHERS,302.9384765625,381.71807861328125,SUB
1636309129.519644,00000000-0000-0000-0000-000000000533,OTHERS,296.8759460449219,402.3890686035156,SUB
1636309129.519644,00000000-0000-0000-0000-000000000546,OTHERS,311.0185546875,402.3890686035156,SUB
1636309129.647914,00000000-0000-0000-0000-000000000539,OTHERS,298.7556457519531,307.1519470214844,SUB
1636309129.647914,00000000-0000-0000-0000-000000000000,AV,298.87005615234375,353.8084411621094,SUB
1636309129.647914,00000000-0000-0000-0000-000000000529,OTHERS,302.9013977050781,366.6014404296875,SUB
1636309129.647914,00000000-0000-0000-0000-000000000544,OTHERS,298.9073486328125,369.0278015136719,SUB
1636309129.647914,00000000-0000-0000-0000-000000000497,AGENT,302.9200439453125,374.2056579589844,SUB
1636309129.647914,00000000-0000-0000-0000-000000000514,OTHERS,302.9384765625,381.71807861328125,SUB
1636309129.647914,00000000-0000-0000-0000-000000000533,OTHERS,295.9513854980469,402.3890686035156,SUB
1636309129.647914,00000000-0000-0000-0000-000000000546,OTHERS,310.1629638671875,402.3890686035156,SUB
1636309129.7011383,00000000-0000-0000-0000-000000000539,OTHERS,298.75421142578125,306.5605163574219,SUB
1636309129.7011383,00000000-0000-0000-0000-000000000000,AV,298.86834716796875,353.1192932128906,SUB
1636309129.7011383,00000000-0000-0000-0000-000000000529,OTHERS,302.90142822265625,366.6094055175781,SUB
1636309129.7011383,00000000-0000-0000-0000-000000000544,OTHERS,298.9057312011719,368.36376953125,SUB
1636309129.7011383,00000000-0000-0000-0000-000000000497,AGENT,302.9200439453125,374.20654296875,SUB
1636309129.7011383,00000000-0000-0000-0000-000000000514,OTHERS,302.9384765625,381.71807861328125,SUB
1636309129.7011383,00000000-0000-0000-0000-000000000533,OTHERS,295.2791442871094,402.3890686035156,SUB
1636309129.874506,00000000-0000-0000-0000-000000000539,OTHERS,298.7516784667969,305.526123046875,SUB
1636309129.874506,00000000-0000-0000-0000-000000000000,AV,298.8653869628906,351.9136962890625,SUB
1636309129.874506,00000000-0000-0000-0000-000000000529,OTHERS,302.9014587402344,366.62200927734375,SUB
1636309129.874506,00000000-0000-0000-0000-000000000544,OTHERS,298.90289306640625,367.2001953125,SUB
1636309129.874506,00000000-0000-0000-0000-000000000497,AGENT,302.9200744628906,374.2079162597656,SUB
1636309129.874506,00000000-0000-0000-0000-000000000514,OTHERS,302.9384765625,381.71807861328125,SUB
1636309129.9215357,00000000-0000-0000-0000-000000000539,OTHERS,298.7509460449219,305.23065185546875,SUB
1636309129.9215357,00000000-0000-0000-0000-000000000000,AV,298.86456298828125,351.5692443847656,SUB
1636309129.9215357,00000000-0000-0000-0000-000000000544,OTHERS,298.9020690917969,366.8672790527344,SUB
1636309129.9215357,00000000-0000-0000-0000-000000000529,OTHERS,302.9014587402344,366.6253356933594,SUB
1636309129.9215357,00000000-0000-0000-0000-000000000497,AGENT,302.9200744628906,374.2082824707031,SUB
1636309129.9215357,00000000-0000-0000-0000-000000000514,OTHERS,302.9384765625,381.71807861328125,SUB
1636309130.0011837,00000000-0000-0000-0000-000000000539,OTHERS,298.74896240234375,304.41802978515625,SUB
1636309130.0011837,00000000-0000-0000-0000-000000000000,AV,298.86224365234375,350.62188720703125,SUB
1636309130.0011837,00000000-0000-0000-0000-000000000544,OTHERS,298.8998107910156,365.9514465332031,SUB
1636309130.0011837,00000000-0000-0000-0000-000000000529,OTHERS,302.9014892578125,366.6338806152344,SUB
1636309130.0011837,00000000-0000-0000-0000-000000000497,AGENT,302.9200744628906,374.2091979980469,SUB
1636309130.0011837,00000000-0000-0000-0000-000000000514,OTHERS,302.9384765625,381.71807861328125,SUB
